{
  "features": [
    "has_hs_code",
    "has_invoice_value",
    "has_container_id",
    "has_importer",
    "has_exporter",
    "has_vessel",
    "has_port",
    "missing_field_count",
    "confidence_score",
    "document_type_enc",
    "is_restricted_hs",
    "invoice_value_log",
    "is_high_value",
    "is_very_high_value",
    "high_value_no_container",
    "hs_high_scrutiny"
  ],
  "jalur_map": {
    "0": "green",
    "1": "yellow",
    "2": "red"
  },
  "cv_accuracy_mean": 0.9371666666666666,
  "cv_accuracy_std": 0.0038586123009300734,
  "n_training_records": 6000,
  "label_distribution": {
    "green": 4566,
    "yellow": 857,
    "red": 577
  },
  "feature_importance": {
    "high_value_no_container": 0.3232934772968292,
    "is_restricted_hs": 0.16232798993587494,
    "confidence_score": 0.15917760133743286,
    "has_importer": 0.13220199942588806,
    "has_hs_code": 0.05733244866132736,
    "has_container_id": 0.028697535395622253,
    "hs_high_scrutiny": 0.02517843432724476,
    "has_exporter": 0.02246115915477276,
    "document_type_enc": 0.018128786236047745,
    "is_very_high_value": 0.017770621925592422,
    "has_vessel": 0.01509143877774477,
    "has_port": 0.014050228521227837,
    "has_invoice_value": 0.010288615711033344,
    "invoice_value_log": 0.007659338414669037,
    "is_high_value": 0.006340282037854195,
    "missing_field_count": 0.0
  },
  "trained_at": "2026-06-27T05:54:18.565751Z",
  "doc_type_aware": true,
  "class_weighted": true,
  "red_fp_weight": 3.0
}